<?xml version="1.0" encoding="UTF-8"?>
<project-private xmlns="http://www.netbeans.org/ns/project-private/1">
    <editor-bookmarks xmlns="http://www.netbeans.org/ns/editor-bookmarks/2" lastBookmarkId="0"/>
    <open-files xmlns="http://www.netbeans.org/ns/projectui-open-files/2">
        <group>
            <file>file:/C:/Users/6322875/Documents/NetBeansProjects/JogoDaForca/src/jogodaforca/Forca.java</file>
            <file>file:/C:/Users/6322875/Documents/NetBeansProjects/JogoDaForca/src/jogodaforca/Jogador.java</file>
            <file>file:/C:/Users/6322875/Documents/NetBeansProjects/JogoDaForca/src/jogodaforca/JogoDaForca.java</file>
            <file>file:/C:/Users/6322875/Documents/NetBeansProjects/JogoDaForca/src/jogodaforca/Boneco.java</file>
            <file>file:/C:/Users/6322875/Documents/NetBeansProjects/JogoDaForca/src/jogodaforca/Palavra.java</file>
        </group>
    </open-files>
</project-private>
