<?xml version="1.0" encoding="UTF-8"?>
<project-private xmlns="http://www.netbeans.org/ns/project-private/1">
    <editor-bookmarks xmlns="http://www.netbeans.org/ns/editor-bookmarks/2" lastBookmarkId="0"/>
    <open-files xmlns="http://www.netbeans.org/ns/projectui-open-files/2">
        <group>
            <file>file:/C:/Users/6322875/Desktop/JogoDaMemoria/JogoDaMemoria/src/br/univali/kob/poo1/jogodamemoria/Cronometer.java</file>
            <file>file:/C:/Users/6322875/Desktop/JogoDaMemoria/JogoDaMemoria/src/br/univali/kob/poo1/view/FXMLRankingScene.fxml</file>
            <file>file:/C:/Users/6322875/Desktop/JogoDaMemoria/JogoDaMemoria/src/br/univali/kob/poo1/controller/FXMLRankingSceneController.java</file>
            <file>file:/C:/Users/6322875/Desktop/JogoDaMemoria/JogoDaMemoria/src/br/univali/kob/poo1/jogodamemoria/RankingRepository.java</file>
            <file>file:/C:/Users/6322875/Desktop/JogoDaMemoria/JogoDaMemoria/src/br/univali/kob/poo1/view/FXMLMainMenuScene.fxml</file>
            <file>file:/C:/Users/6322875/Desktop/JogoDaMemoria/JogoDaMemoria/src/br/univali/kob/poo1/controller/FXMLGameSceneController.java</file>
            <file>file:/C:/Users/6322875/Desktop/JogoDaMemoria/JogoDaMemoria/src/br/univali/kob/poo1/jogodamemoria/Ranking.java</file>
            <file>file:/C:/Users/6322875/Desktop/JogoDaMemoria/JogoDaMemoria/src/br/univali/kob/poo1/view/FXMLGameScene.fxml</file>
            <file>file:/C:/Users/6322875/Desktop/JogoDaMemoria/JogoDaMemoria/src/br/univali/kob/poo1/jogodamemoria/Game.java</file>
        </group>
    </open-files>
</project-private>
