<?xml version="1.0" encoding="UTF-8"?>
<project-private xmlns="http://www.netbeans.org/ns/project-private/1">
    <editor-bookmarks xmlns="http://www.netbeans.org/ns/editor-bookmarks/2" lastBookmarkId="0"/>
    <open-files xmlns="http://www.netbeans.org/ns/projectui-open-files/2">
        <group>
            <file>file:/C:/Users/6322875/Desktop/Leilao/src/br/univali/kob/poo1/leilao/Usuario.java</file>
            <file>file:/C:/Users/6322875/Desktop/Leilao/src/br/univali/kob/poo1/view/cadastroItemScene.fxml</file>
            <file>file:/C:/Users/6322875/Desktop/Leilao/src/br/univali/kob/poo1/leilao/ItemRepositorio.java</file>
            <file>file:/C:/Users/6322875/Desktop/Leilao/src/br/univali/kob/poo1/leilao/Leilao.java</file>
            <file>file:/C:/Users/6322875/Desktop/Leilao/src/br/univali/kob/poo1/controller/FXMLCadastroController.java</file>
            <file>file:/C:/Users/6322875/Desktop/Leilao/src/br/univali/kob/poo1/leilao/Login.java</file>
            <file>file:/C:/Users/6322875/Desktop/Leilao/src/br/univali/kob/poo1/controller/FXMLLoginController.java</file>
            <file>file:/C:/Users/6322875/Desktop/Leilao/src/br/univali/kob/poo1/controller/FXMLLeiloeiroSceneController.java</file>
            <file>file:/C:/Users/6322875/Desktop/Leilao/src/br/univali/kob/poo1/leilao/Item.java</file>
            <file>file:/C:/Users/6322875/Desktop/Leilao/src/br/univali/kob/poo1/view/cadastroScene.fxml</file>
            <file>file:/C:/Users/6322875/Desktop/Leilao/src/br/univali/kob/poo1/controller/FXMLParticipanteSceneController.java</file>
            <file>file:/C:/Users/6322875/Desktop/Leilao/src/br/univali/kob/poo1/view/participanteScene.fxml</file>
            <file>file:/C:/Users/6322875/Desktop/Leilao/src/br/univali/kob/poo1/controller/FXMLCadastroItemSceneController.java</file>
        </group>
    </open-files>
</project-private>
